{
  "f0_mean": 165.76853496220338,
  "f0_std": 0.1028241132955827,
  "f0_min": 161.04942655401882,
  "f0_max": 175.625644998463,
  "hnr_mean": 9.31,
  "jitter_local": 0.00605,
  "jitter_rap": 0.649,
  "jitter_ppq5": 0.649,
  "shimmer_local": 5.087243406136088,
  "shimmer_apq3": 0.526,
  "shimmer_apq5": 0.526,
  "spectral_centroid_mean": 1165.2791595685371,
  "spectral_centroid_std": 49.154930742891274,
  "spectral_rolloff_85_mean": 1918.8784246575344,
  "spectral_rolloff_85_std": 159.39452802286738,
  "zero_crossing_rate_mean": 0.09283447265625,
  "zero_crossing_rate_std": 0.0107271793027228,
  "rms_energy_mean": 0.403,
  "rms_energy_std": 0.119,
  "voiced_frame_ratio": 0.1450292397660818,
  "snr_db": 9.31,
  "low_quality": 0.0,
  "mfcc_1": 30.7,
  "mfcc_1_mean": 30.7,
  "mfcc_1_std": 0.0728,
  "mfcc_2": 3.98,
  "mfcc_2_mean": 3.98,
  "mfcc_2_std": 0.22,
  "mfcc_3": -11.6,
  "mfcc_3_mean": -11.6,
  "mfcc_3_std": -0.211,
  "mfcc_4": -8.55,
  "mfcc_4_mean": -8.55,
  "mfcc_4_std": -0.18,
  "mfcc_5": -31.970516204833984,
  "mfcc_5_mean": -31.970516204833984,
  "mfcc_5_std": 4.746335983276367,
  "mfcc_6": -21.272415161132812,
  "mfcc_6_mean": -21.272415161132812,
  "mfcc_6_std": 4.532033443450928,
  "mfcc_7": 22.17013931274414,
  "mfcc_7_mean": 22.17013931274414,
  "mfcc_7_std": 4.232438087463379,
  "mfcc_8": -40.940223693847656,
  "mfcc_8_mean": -40.940223693847656,
  "mfcc_8_std": 4.686015605926514,
  "mfcc_9": -6.470781326293945,
  "mfcc_9_mean": -6.470781326293945,
  "mfcc_9_std": 3.704689502716065,
  "mfcc_10": -3.157458543777466,
  "mfcc_10_mean": -3.157458543777466,
  "mfcc_10_std": 3.436077117919922,
  "mfcc_11": -32.01726531982422,
  "mfcc_11_mean": -32.01726531982422,
  "mfcc_11_std": 4.024469375610352,
  "mfcc_12": -3.4499661922454834,
  "mfcc_12_mean": -3.4499661922454834,
  "mfcc_12_std": 3.2829267978668213,
  "mfcc_13": -24.39742851257324,
  "mfcc_13_mean": -24.39742851257324,
  "mfcc_13_std": 3.5545287132263184,
  "mfcc_delta_1": 0.5543064475059509,
  "mfcc_delta_1_mean": 0.5543064475059509,
  "mfcc_delta_1_std": 2.7079687118530273,
  "mfcc_delta_2": 0.0293834116309881,
  "mfcc_delta_2_mean": 0.0293834116309881,
  "mfcc_delta_2_std": 1.3087289333343506,
  "mfcc_delta_3": 0.0964470207691192,
  "mfcc_delta_3_mean": 0.0964470207691192,
  "mfcc_delta_3_std": 1.652709722518921,
  "mfcc_delta_4": 0.0752464532852172,
  "mfcc_delta_4_mean": 0.0752464532852172,
  "mfcc_delta_4_std": 1.10599684715271,
  "mfcc_delta_5": 0.0364364124834537,
  "mfcc_delta_5_mean": 0.0364364124834537,
  "mfcc_delta_5_std": 0.7283415794372559,
  "mfcc_delta_6": 0.0755032300949096,
  "mfcc_delta_6_mean": 0.0755032300949096,
  "mfcc_delta_6_std": 0.7320467829704285,
  "mfcc_delta_7": 0.0129329254850745,
  "mfcc_delta_7_mean": 0.0129329254850745,
  "mfcc_delta_7_std": 0.6569814085960388,
  "mfcc_delta_8": 0.0349455997347831,
  "mfcc_delta_8_mean": 0.0349455997347831,
  "mfcc_delta_8_std": 0.7564436793327332,
  "mfcc_delta_9": 0.0202641952782869,
  "mfcc_delta_9_mean": 0.0202641952782869,
  "mfcc_delta_9_std": 0.5504577159881592,
  "mfcc_delta_10": 0.0031762758735567,
  "mfcc_delta_10_mean": 0.0031762758735567,
  "mfcc_delta_10_std": 0.4989553689956665,
  "mfcc_delta_11": 0.048591710627079,
  "mfcc_delta_11_mean": 0.048591710627079,
  "mfcc_delta_11_std": 0.6517162919044495,
  "mfcc_delta_12": 0.0259327199310064,
  "mfcc_delta_12_mean": 0.0259327199310064,
  "mfcc_delta_12_std": 0.4961131513118744,
  "mfcc_delta_13": 0.0195175521075725,
  "mfcc_delta_13_mean": 0.0195175521075725,
  "mfcc_delta_13_std": 0.5620429515838623,
  "mfcc_delta2_1": 0.1115860641002655,
  "mfcc_delta2_1_mean": 0.1115860641002655,
  "mfcc_delta2_1_std": 1.6025383472442627,
  "mfcc_delta2_2": 0.0156316552311182,
  "mfcc_delta2_2_mean": 0.0156316552311182,
  "mfcc_delta2_2_std": 0.8601924777030945,
  "mfcc_delta2_3": 0.3122793138027191,
  "mfcc_delta2_3_mean": 0.3122793138027191,
  "mfcc_delta2_3_std": 1.1791346073150637,
  "mfcc_delta2_4": -0.055116731673479,
  "mfcc_delta2_4_mean": -0.055116731673479,
  "mfcc_delta2_4_std": 0.6084215641021729,
  "mfcc_delta2_5": 0.0560231357812881,
  "mfcc_delta2_5_mean": 0.0560231357812881,
  "mfcc_delta2_5_std": 0.502848207950592,
  "mfcc_delta2_6": 0.0714733749628067,
  "mfcc_delta2_6_mean": 0.0714733749628067,
  "mfcc_delta2_6_std": 0.4941690862178802,
  "mfcc_delta2_7": -0.0354162231087684,
  "mfcc_delta2_7_mean": -0.0354162231087684,
  "mfcc_delta2_7_std": 0.4013372659683227,
  "mfcc_delta2_8": 0.1056381836533546,
  "mfcc_delta2_8_mean": 0.1056381836533546,
  "mfcc_delta2_8_std": 0.5054192543029785,
  "mfcc_delta2_9": 0.0163120217621326,
  "mfcc_delta2_9_mean": 0.0163120217621326,
  "mfcc_delta2_9_std": 0.3529327511787414,
  "mfcc_delta2_10": 0.0195369962602853,
  "mfcc_delta2_10_mean": 0.0195369962602853,
  "mfcc_delta2_10_std": 0.3360341191291809,
  "mfcc_delta2_11": 0.0766102373600006,
  "mfcc_delta2_11_mean": 0.0766102373600006,
  "mfcc_delta2_11_std": 0.4228599965572357,
  "mfcc_delta2_12": 0.0059567247517406,
  "mfcc_delta2_12_mean": 0.0059567247517406,
  "mfcc_delta2_12_std": 0.3475241065025329,
  "mfcc_delta2_13": 0.0615768283605575,
  "mfcc_delta2_13_mean": 0.0615768283605575,
  "mfcc_delta2_13_std": 0.396966278553009
}